settlement_id,transaction_id,settlement_date,settled_amount,settlement_status,bank_reference
STL000001,TXN000001,2026-01-06,25000.0,settled,BANK00000001
STL000002,TXN000002,2026-01-26,40000.0,settled,BANK00000002
STL000003,TXN000004,2026-01-17,90443.52,settled,BANK00000003
STL000004,TXN000007,2026-01-05,146101.79,settled,BANK00000004
STL000005,TXN000008,2026-01-09,25000.005,settled,BANK00000005
STL000006,TXN000009,2026-01-29,100000.0,settled,BANK00000006
STL000007,TXN000010,2026-01-14,100000.0,settled,BANK00000007
STL000008,TXN000011,2026-01-25,40497.58,settled,BANK00000008
STL000009,TXN000012,2026-01-13,127213.53,settled,BANK00000009
STL000010,TXN000013,2026-01-15,75000.0,settled,BANK00000010
STL000011,TXN000014,2026-01-23,77388.53,settled,BANK00000011
STL000012,TXN000018,2026-01-04,60791.26,settled,BANK00000012
STL000013,TXN000019,2026-01-30,141652.47,settled,BANK00000013
STL000014,TXN000020,2026-01-22,20000.0,settled,BANK00000014
STL000015,TXN000021,2026-01-27,30904.52,settled,BANK00000015
STL000016,TXN000022,2026-01-18,20000.0,settled,BANK00000016
STL000017,TXN000023,2026-01-13,34999.995,settled,BANK00000017
STL000018,TXN000025,2026-01-26,100000.0,settled,BANK00000018
STL000019,TXN000026,2026-01-18,131502.79,settled,BANK00000019
STL000020,TXN000028,2026-01-10,74999.995,settled,BANK00000020
STL000021,TXN000029,2026-01-05,15000.0,settled,BANK00000021
STL000022,TXN000030,2026-01-19,39510.675,settled,BANK00000022
STL000023,TXN000033,2026-01-30,110716.005,settled,BANK00000023
STL000024,TXN000034,2026-01-14,110590.97,settled,BANK00000024
STL000025,TXN000035,2026-01-19,70048.96,settled,BANK00000025
STL000026,TXN000036,2026-01-17,122163.23,settled,BANK00000026
STL000027,TXN000037,2026-02-01,40000.0,settled,BANK00000027
STL000028,TXN000038,2026-01-31,13502.13,settled,BANK00000028
STL000029,TXN000040,2026-01-08,48022.63,settled,BANK00000029
STL000030,TXN000041,2026-01-12,13288.96,settled,BANK00000030
STL000031,TXN000043,2026-01-29,75000.0,settled,BANK00000031
STL000032,TXN000044,2026-01-05,65787.61,settled,BANK00000032
STL000033,TXN000045,2026-01-24,40000.0,settled,BANK00000033
STL000034,TXN000047,2026-01-06,30000.0,settled,BANK00000034
STL000035,TXN000048,2026-01-30,45000.0,settled,BANK00000035
STL000036,TXN000049,2026-01-27,50000.0,settled,BANK00000036
STL000037,TXN000050,2026-01-10,50000.0,settled,BANK00000037
STL000038,TXN000052,2026-01-31,100000.0,settled,BANK00000038
STL000039,TXN000054,2026-01-25,14999.995,settled,BANK00000039
STL000040,TXN000055,2026-01-03,126016.275,settled,BANK00000040
STL000041,TXN000056,2026-01-11,57874.47,settled,BANK00000041
STL000042,TXN000058,2026-01-26,27410.23,settled,BANK00000042
STL000043,TXN000060,2026-01-29,19999.995,settled,BANK00000043
STL000044,TXN000062,2026-01-11,123977.785,settled,BANK00000044
STL000045,TXN000064,2026-01-29,82751.285,settled,BANK00000045
STL000046,TXN000065,2026-01-21,15000.005,settled,BANK00000046
STL000047,TXN000068,2026-01-16,15146.2,settled,BANK00000047
STL000048,TXN000071,2026-01-26,135906.8,settled,BANK00000048
STL000049,TXN000072,2026-01-12,35476.49,settled,BANK00000049
STL000050,TXN000073,2026-01-17,44999.995,settled,BANK00000050
STL000051,TXN000074,2026-01-04,46149.03,settled,BANK00000051
STL000052,TXN000075,2026-01-10,25000.0,settled,BANK00000052
STL000053,TXN000076,2026-01-18,93634.735,settled,BANK00000053
STL000054,TXN000077,2026-01-24,60676.88,settled,BANK00000054
STL000055,TXN000082,2026-01-26,129916.76,settled,BANK00000055
STL000056,TXN000083,2026-01-27,80588.47,settled,BANK00000056
STL000057,TXN000084,2026-01-12,50000.0,settled,BANK00000057
STL000058,TXN000086,2026-01-19,40000.005,settled,BANK00000058
STL000059,TXN000088,2026-01-19,113389.77,settled,BANK00000059
STL000060,TXN000090,2026-01-08,126873.32,settled,BANK00000060
STL000061,TXN000094,2026-01-25,83215.76,settled,BANK00000061
STL000062,TXN000095,2026-02-02,99504.43,settled,BANK00000062
STL000063,TXN000096,2026-01-21,100000.0,settled,BANK00000063
STL000064,TXN000097,2026-01-24,42155.34,settled,BANK00000064
STL000065,TXN000099,2026-01-24,136663.79,settled,BANK00000065
STL000066,TXN000100,2026-01-21,105139.09,settled,BANK00000066
STL000067,TXN000101,2026-01-22,121801.55,settled,BANK00000067
STL000068,TXN000102,2026-01-20,67114.81,settled,BANK00000068
STL000069,TXN000103,2026-01-29,65908.52,settled,BANK00000069
STL000070,TXN000104,2026-01-31,125162.56,settled,BANK00000070
STL000071,TXN000105,2026-01-27,138344.56,settled,BANK00000071
STL000072,TXN000107,2026-01-26,72382.73,settled,BANK00000072
STL000073,TXN000108,2026-01-30,52127.045,settled,BANK00000073
STL000074,TXN000109,2026-01-11,132646.405,settled,BANK00000074
STL000075,TXN000110,2026-02-02,40000.0,settled,BANK00000075
STL000076,TXN000111,2026-01-17,98655.92,settled,BANK00000076
STL000077,TXN000113,2026-01-18,54844.82,settled,BANK00000077
STL000078,TXN000114,2026-01-17,15000.0,settled,BANK00000078
STL000079,TXN000115,2026-01-25,82700.27,settled,BANK00000079
STL000080,TXN000116,2026-01-18,45092.45,settled,BANK00000080
STL000081,TXN000117,2026-01-28,20000.0,settled,BANK00000081
STL000082,TXN000118,2026-01-03,146272.765,settled,BANK00000082
STL000083,TXN000121,2026-01-29,14474.8,settled,BANK00000083
STL000084,TXN000122,2026-01-06,122615.6,settled,BANK00000084
STL000085,TXN000123,2026-01-20,115844.3,settled,BANK00000085
STL000086,TXN000125,2026-01-21,95048.96,settled,BANK00000086
STL000087,TXN000126,2026-01-08,25000.0,settled,BANK00000087
STL000088,TXN000127,2026-01-03,64235.055,settled,BANK00000088
STL000089,TXN000128,2026-01-12,107508.6,settled,BANK00000089
STL000090,TXN000129,2026-01-27,119730.92,settled,BANK00000090
STL000091,TXN000130,2026-01-05,83961.54,settled,BANK00000091
STL000092,TXN000133,2026-01-05,91715.32,settled,BANK00000092
STL000093,TXN000134,2026-01-05,38194.045,settled,BANK00000093
STL000094,TXN000135,2026-01-24,124106.08,settled,BANK00000094
STL000095,TXN000137,2026-01-29,35000.0,settled,BANK00000095
STL000096,TXN000143,2026-01-17,22606.78,settled,BANK00000096
STL000097,TXN000144,2026-01-08,40000.0,settled,BANK00000097
STL000098,TXN000145,2026-02-02,22032.59,settled,BANK00000098
STL000099,TXN000146,2026-01-24,44646.61,settled,BANK00000099
STL000100,TXN000147,2026-01-20,75000.0,settled,BANK00000100
STL000101,TXN000148,2026-01-10,117037.89,settled,BANK00000101
STL000102,TXN000151,2026-02-01,25000.0,settled,BANK00000102
STL000103,TXN000153,2026-01-23,119897.08,settled,BANK00000103
STL000104,TXN000155,2026-01-18,20000.0,settled,BANK00000104
STL000105,TXN000156,2026-01-17,75000.0,settled,BANK00000105
STL000106,TXN000158,2026-01-03,100000.0,settled,BANK00000106
STL000107,TXN000159,2026-01-04,100000.0,settled,BANK00000107
STL000108,TXN000161,2026-01-13,50000.0,settled,BANK00000108
STL000109,TXN000162,2026-01-07,16450.41,settled,BANK00000109
STL000110,TXN000163,2026-02-01,100000.0,settled,BANK00000110
STL000111,TXN000164,2026-01-03,135341.74,settled,BANK00000111
STL000112,TXN000166,2026-01-10,40000.0,settled,BANK00000112
STL000113,TXN000167,2026-01-15,87928.79,settled,BANK00000113
STL000114,TXN000168,2026-01-28,75000.0,settled,BANK00000114
STL000115,TXN000169,2026-01-26,77025.46,settled,BANK00000115
STL000116,TXN000170,2026-01-28,56086.54,settled,BANK00000116
STL000117,TXN000173,2026-01-09,24163.17,settled,BANK00000117
STL000118,TXN000174,2026-01-10,137537.1,settled,BANK00000118
STL000119,TXN000175,2026-01-29,15000.0,settled,BANK00000119
STL000120,TXN000176,2026-01-25,102788.9,settled,BANK00000120
STL000121,TXN000177,2026-01-28,15000.0,settled,BANK00000121
STL000122,TXN000178,2026-01-14,124250.51,settled,BANK00000122
STL000123,TXN000179,2026-01-02,94834.3,settled,BANK00000123
STL000124,TXN000181,2026-01-06,45000.0,settled,BANK00000124
STL000125,TXN000185,2026-01-29,57589.48,settled,BANK00000125
STL000126,TXN000187,2026-01-23,35755.34,settled,BANK00000126
STL000127,TXN000188,2026-01-09,148379.03,settled,BANK00000127
STL000128,TXN000189,2026-01-09,20000.0,settled,BANK00000128
STL000129,TXN000190,2026-01-30,147684.075,settled,BANK00000129
STL000130,TXN000191,2026-01-23,35000.0,settled,BANK00000130
STL000131,TXN000192,2026-01-12,20000.0,settled,BANK00000131
STL000132,TXN000193,2026-01-04,74055.66,settled,BANK00000132
STL000133,TXN000194,2026-01-18,37124.71,settled,BANK00000133
STL000134,TXN000197,2026-01-22,75000.0,settled,BANK00000134
STL000135,TXN000198,2026-01-21,81930.735,settled,BANK00000135
STL000136,TXN000199,2026-01-05,128654.95,settled,BANK00000136
STL000137,TXN000177,2026-01-28,15000.0,settled,BANK00000137
STL000138,TXN000024,2026-01-04,-39926.38,settled,BANK00000138
STL000139,TXN000042,2026-02-01,-78635.13,settled,BANK00000139
STL000140,TXN000046,2026-01-12,-139707.66,settled,BANK00000140
STL000141,TXN000067,2026-01-08,-41934.76,settled,BANK00000141
STL000142,TXN000085,2026-01-15,-105622.72,settled,BANK00000142
STL000143,TXN000098,2026-01-28,-75000.0,settled,BANK00000143
STL000144,TXN000160,2026-01-07,-105630.17,settled,BANK00000144
STL000145,TXN000196,2026-01-06,-76088.98,settled,BANK00000145
STL000146,TXNORPH001,2026-01-17,-150.0,settled,BANK00000146
